,movie_name,year,movie_url,filming_location,filming_country
0,The New World,2004,https://www.imdb.com/title/tt0402399/?ref_=fn_al_tt_1,"Chickahominy River, Virginia, USA",United States of America
1,Snow White,2012,https://www.imdb.com/title/tt1735898/?ref_=fn_al_tt_1,"Quiraing, Skye, Highland, Scotland, UK",United Kingdom
2,Frozen River,2008,https://www.imdb.com/title/tt0978759/?ref_=fn_al_tt_1,"Plattsburgh, New York, USA",United States of America
3,The Piano Teacher,2001,https://www.imdb.com/title/tt0254686/?ref_=fn_al_tt_1,"Vienna, Austria",Austria
4,Lourdes,2009,https://www.imdb.com/title/tt1405809/?ref_=fn_al_tt_1,"Lourdes, Hautes-Pyrénées, France",France
5,Tony Manero,2008,https://www.imdb.com/title/tt1223975/?ref_=fn_al_tt_1,"Santiago, Chile",Chile
6,The Bourne Ultimatum,2007,https://www.imdb.com/title/tt0440963/?ref_=fn_al_tt_1,"Madrid, Spain",Spain
7,These Encounters of Theirs,2006,https://www.imdb.com/title/tt0815227/?ref_=fn_al_tt_1,Italy,Italy
8,Vincere,2009,https://www.imdb.com/title/tt1156173/?ref_=fn_al_tt_1,"Trento, Trentino, Italy",Italy
9,Le quattro volte,2010,https://www.imdb.com/title/tt1646975/?ref_=fn_al_tt_1,"Caulonia, Reggio Calabria, Calabria, Italy",Italy
10,The Profession of Arms,2001,https://www.imdb.com/title/tt0245276/?ref_=fn_al_tt_1,Bulgaria,Bulgaria
11,Gostanza da Libbiano,2000,https://www.imdb.com/title/tt0257726/?ref_=fn_al_tt_1,"San Miniato, Pisa, Tuscany, Italy",Italy
14,Sangue,2013,https://www.imdb.com/title/tt2442560/?ref_=fn_al_tt_1,"Port Sunlight, Wirral, Merseyside, England, UK",United Kingdom
17,Black Swan,2010,https://www.imdb.com/title/tt0947798/?ref_=fn_al_tt_1,"The Concert Hall, Performing Arts Center, Purchase College, State University Of New York at Purchase, Purchase, New York, USA",United States of America
18,Tinker Tailor Soldier Spy,2011,https://www.imdb.com/title/tt1340800/?ref_=fn_al_tt_1,"Istanbul, Turkey",Turkey
19,Primer,2004,https://www.imdb.com/title/tt0390384/?ref_=fn_al_tt_1,"Henley's Aircraft Services - 15841 Addison Road, Addison, Texas, USA",United States of America
21,Battle in Heaven,2005,https://www.imdb.com/title/tt0387055/?ref_=fn_al_tt_1,"Mexico City, Distrito Federal, Mexico",Mexico
22,Inland Empire,2006,https://www.imdb.com/title/tt0460829/?ref_=fn_al_tt_1,"Lódz, Lódzkie, Poland",Poland
23,A Single Man,2009,https://www.imdb.com/title/tt1315981/?ref_=fn_al_tt_1,"Vasquez Rocks Natural Area Park - 10700 W. Escondido Canyon Rd., Agua Dulce, California, USA",United States of America
24,This Is the End,2013,https://www.imdb.com/title/tt1245492/?ref_=fn_al_tt_1,"New Orleans, Louisiana, USA",United States of America
25,Almayer's Folly,2011,https://www.imdb.com/title/tt1532530/?ref_=fn_al_tt_1,Cambodia,Cambodia
26,Bamboozled,2000,https://www.imdb.com/title/tt0215545/?ref_=fn_al_tt_1,"New York City, New York, USA",United States of America
29,Another Year,2010,https://www.imdb.com/title/tt1431181/?ref_=fn_al_tt_1,"Derby, Derbyshire, England, UK",United Kingdom
31,The Orphanage,2007,https://www.imdb.com/title/tt0464141/?ref_=fn_al_tt_1,"Llanes, Oviedo, Asturias, Spain",Spain
32,The Hunt,2012,https://www.imdb.com/title/tt2106476/?ref_=fn_al_tt_1,"Høje Taastrup Kirke, Taastrup, Denmark",Denmark
33,Star Wars: Episode III – Revenge of the Sith,2005,https://www.imdb.com/title/tt0121766/?ref_=fn_al_tt_1,"Mount Etna, Catania, Sicily, Italy",Italy
34,Manakamana,2013,https://www.imdb.com/title/tt3103326/?ref_=fn_al_tt_1,Nepal,Nepal
39,The Colonial Misunderstanding,2004,https://www.imdb.com/title/tt0474246/?ref_=fn_al_tt_1,Cameroon,Cameroon
40,Restless City,2011,https://www.imdb.com/title/tt1545464/?ref_=fn_al_tt_1,"Brooklyn, New York City, New York, USA",United States of America
42,Belle,2013,https://www.imdb.com/title/tt2404181/?ref_=fn_al_tt_1,"Douglas, Isle of Man",Isle of Man
43,Irreversible,2002,https://www.imdb.com/title/tt0290673/?ref_=fn_al_tt_1,"Buttes Chaumont, Paris 19, Paris, France",France
47,Heaven Knows What,2014,https://www.imdb.com/title/tt3687186/?ref_=fn_al_tt_1,"New York, USA",United States of America
50,The Matchmaker,2010,https://www.imdb.com/title/tt1655424/?ref_=fn_al_tt_1,"Haifa, Israel",Israel
51,Footnote,2011,https://www.imdb.com/title/tt1445520/?ref_=fn_al_tt_1,"Jerusalem, Israel",Israel
52,Yossi and Jagger,2002,ERROR,Israel,Israel
53,The Three Burials of Melquiades Estrada,2005,https://www.imdb.com/title/tt0419294/?ref_=fn_al_tt_1,"Van Horn, Texas, USA",United States of America
54,The Blind Swordsman: Zatoichi,2003,https://www.imdb.com/title/tt0363226/?ref_=fn_al_tt_1,"Eiga-mura, Kanami, Kanae-chô, Fukuyama City, Hiroshima, Japan",Japan
55,Sweet Sixteen,2002,https://www.imdb.com/title/tt0313670/?ref_=fn_al_tt_1,"Glasgow, Strathclyde, Scotland, UK",United Kingdom
56,Ezra,2007,https://www.imdb.com/title/tt0923688/?ref_=fn_al_tt_1,Rwanda,Rwanda
57,Minority Report,2002,https://www.imdb.com/title/tt0181689/?ref_=fn_al_tt_1,"Butter Island, Penobscot Bay, Maine, USA",United States of America
58,"You, The Living",2007,https://www.imdb.com/title/tt0445336/?ref_=fn_al_tt_1,"Stockholm, Stockholms län, Sweden",Sweden
59,The Avengers,2012,https://www.imdb.com/title/tt0848228/?ref_=fn_al_tt_1,"East 9th St, Cleveland, Ohio, USA",United States of America
60,Kill Bill: Vol. 2,2004,https://www.imdb.com/title/tt0378194/?ref_=fn_al_tt_1,"Beijing, China",China
61,The Host,2006,https://www.imdb.com/title/tt0468492/?ref_=fn_al_tt_1,"Wonhyo Bridge, Seoul, South Korea",South Korea
62,Love and Friendship,2016,ERROR,"38 North Great George's Street, Dublin, County Dublin, Ireland",Ireland
63,Evolution of a Filipino Family,2004,https://www.imdb.com/title/tt0424062/?ref_=fn_al_tt_1,"Antamok, Loacan, Itogon, Benguet, Philippines",Philippines
64,Cave of Forgotten Dreams,2010,https://www.imdb.com/title/tt1664894/?ref_=fn_al_tt_1,"Chauvet-Pont-d'Arc, Ardèche, France",France
66,Lincoln,2012,https://www.imdb.com/title/tt0443272/?ref_=fn_al_tt_1,"State Capitol, Capitol Square - Ninth & Grace Streets, Richmond, Virginia, USA",United States of America
67,Life of Pi,2012,https://www.imdb.com/title/tt0454876/?ref_=fn_al_tt_1,"Grafton, Auckland, New Zealand",New Zealand
68,Mystic River,2003,https://www.imdb.com/title/tt0327056/?ref_=fn_al_tt_1,"Doyle's Pub - 3484 Washington Street, Jamaica Plain, Boston, Massachusetts, USA",United States of America
69,American Hustle,2013,https://www.imdb.com/title/tt1800241/?ref_=fn_al_tt_1,"Boston, Massachusetts, USA",United States of America
70,After the Wedding,2006,https://www.imdb.com/title/tt0457655/?ref_=fn_al_tt_1,"Mumbai, Maharashtra, India",India
71,I Am Love,2009,https://www.imdb.com/title/tt1226236/?ref_=fn_al_tt_1,"Villa Necchi Campiglio, Milan, Lombardia, Italy",Italy
73,Nobody Knows,2004,https://www.imdb.com/title/tt0408664/?ref_=fn_al_tt_1,"Haneda International Airport, Ota-ku, Tokyo, Japan",Japan
74,Eldorado,2008,https://www.imdb.com/title/tt1176954/?ref_=fn_al_tt_1,"Les Dolimarts, Vresse-sur-Semois, Wallonia, Belgium",Belgium
75,Mommy,2014,https://www.imdb.com/title/tt3612616/?ref_=fn_al_tt_1,"Montréal, Québec, Canada",Canada
80,5 Broken Cameras,2011,https://www.imdb.com/title/tt2125423/?ref_=fn_al_tt_1,"Bil'in, Ramallah and al-Bireh, Palestine",Palestine
81,Hooligan Sparrow,2016,https://www.imdb.com/title/tt4079902/?ref_=fn_al_tt_1,China,China
84,American Splendor,2003,https://www.imdb.com/title/tt0305206/?ref_=fn_al_tt_1,"Cleveland, Ohio, USA",United States of America
87,Dancer in the Dark,2000,https://www.imdb.com/title/tt0168629/?ref_=fn_al_tt_1,"Filmbyen, Avedøre, Sjælland, Denmark",Denmark
90,Girl Walk: All Day,2011,https://www.imdb.com/title/tt2287749/?ref_=fn_al_tt_1,"New York City, New York, USA",United States of America
91,Collateral,2004,https://www.imdb.com/title/tt0369339/?ref_=fn_al_tt_1,"El Rodeo Restaurant, 8825 E Washington Blvd, Pico Rivera, California, USA",United States of America
92,Nightcrawler,2014,https://www.imdb.com/title/tt2872718/?ref_=fn_al_tt_1,"Chinatown Express - 252 S Western Ave, Los Angeles, California, USA",United States of America
93,Take Shelter,2011,https://www.imdb.com/title/tt1675192/?ref_=fn_al_tt_1,"LaGrange, Ohio, USA",United States of America
95,Dogtooth,2009,https://www.imdb.com/title/tt1379182/?ref_=fn_al_tt_1,"Athens, Greece",Greece
96,Katyn,2007,https://www.imdb.com/title/tt0879843/?ref_=fn_al_tt_1,"Military Training Ground, Wesola, Warsaw, Mazowieckie, Poland",Poland
97,3-Iron,2004,https://www.imdb.com/title/tt0423866/?ref_=fn_al_tt_1,"Seoul, South Korea",South Korea
98,The Congress,2013,https://www.imdb.com/title/tt1821641/?ref_=fn_al_tt_1,"Berlin, Germany",Germany
99,Sympathy for Mr Vengeance,2002,https://www.imdb.com/title/tt0310775/?ref_=fn_al_tt_1,"Seoul, South Korea",South Korea
100,Archipelago,2010,https://www.imdb.com/title/tt1527835/?ref_=fn_al_tt_1,"Cornwall, England, UK",United Kingdom
101,Divine Intervention,2002,https://www.imdb.com/title/tt0274428/?ref_=fn_al_tt_1,"East Jerusalem, Palestine",Palestine
102,Crimson Gold,2003,https://www.imdb.com/title/tt0371280/?ref_=fn_al_tt_1,"Tehran, Iran",Iran
103,Spider-Man 2,2004,https://www.imdb.com/title/tt0316654/?ref_=fn_al_tt_1,"Spring Street Towers - 650 S. Spring Street, Downtown, Los Angeles, California, USA",United States of America
104,Frozen,2013,https://www.imdb.com/title/tt2294629/?ref_=fn_al_tt_1,"Norway, Norge",Norway
105,Shaun of the Dead,2004,https://www.imdb.com/title/tt0365748/?ref_=fn_al_tt_1,"The Duke of Albany - 39 Monson Road, New Cross, London, England, UK",United Kingdom
106,Head-On,2004,https://www.imdb.com/title/tt0347048/?ref_=fn_al_tt_1,"Fabrik, Altona, Hamburg, Germany",Germany
107,The Squid and the Whale,2005,https://www.imdb.com/title/tt0367089/?ref_=fn_al_tt_1,"Park Slope, Brooklyn, New York City, New York, USA",United States of America
108,Jersey Boys,2014,https://www.imdb.com/title/tt1742044/?ref_=fn_al_tt_1,"Downtown, Los Angeles, California, USA",United States of America
109,Nine Queens,2000,https://www.imdb.com/title/tt0247586/?ref_=fn_al_tt_1,"Hotel Hilton, Puerto Madero, Capital Federal, Argentina",Argentina
110,"Right Now, Wrong Then",2015,https://www.imdb.com/title/tt4768776/?ref_=fn_al_tt_1,South Korea,South Korea
111,Adventureland,2009,https://www.imdb.com/title/tt1091722/?ref_=fn_al_tt_1,"Kennywood Amusement Park - 4800 Kennywood Boulevard, West Mifflin, Pennsylvania, USA",United States of America
112,Open Range,2003,https://www.imdb.com/title/tt0316356/?ref_=fn_al_tt_1,"Stoney Indian Reservation, Alberta, Canada",Canada
114,In Jackson Heights,2015,https://www.imdb.com/title/tt4936064/?ref_=fn_al_tt_1,"Jackson Heights, Queens, New York City, New York, USA",United States of America
115,Love Exposure,2008,https://www.imdb.com/title/tt1128075/?ref_=fn_al_tt_1,"Dog statue, Shibuya, Tokyo, Japan",Japan
116,The Secret in Their Eyes,2009,https://www.imdb.com/title/tt1305806/?ref_=fn_al_tt_1,"Estación Retiro, Retiro, Buenos Aires, Federal District, Argentina",Argentina
117,Sicario,2015,https://www.imdb.com/title/tt3397884/?ref_=fn_al_tt_1,"El Paso, Texas, USA",United States of America
119,Apocalypto,2006,https://www.imdb.com/title/tt0472043/?ref_=fn_al_tt_1,"Las Tuxtlas, Veracruz, Mexico",Mexico
120,Three Monkeys,2008,https://www.imdb.com/title/tt1233381/?ref_=fn_al_tt_1,"Istanbul, Turkey",Turkey
122,Talladega Nights: The Ballad of Ricky Bobby,2006,https://www.imdb.com/title/tt0415306/?ref_=fn_al_tt_1,"Charlotte, North Carolina, USA",United States of America
123,Centochiodi,2007,https://www.imdb.com/title/tt0985597/?ref_=fn_al_tt_1,"Bagnolo San Vito, Mantua, Lombardia, Italy",Italy
124,Chuck and Buck,2000,ERROR,"Los Angeles, California, USA",United States of America
126,Sideways,2004,https://www.imdb.com/title/tt0375063/?ref_=fn_al_tt_1,"Solvang, California, USA",United States of America
127,This Is Not a Film,2011,https://www.imdb.com/title/tt1667905/?ref_=fn_al_tt_1,"Tehran, Iran",Iran
128,Two Lovers,2008,https://www.imdb.com/title/tt1103275/?ref_=fn_al_tt_1,"Brighton Beach, Brooklyn, New York City, New York, USA",United States of America
129,Heart of a Dog,2015,https://www.imdb.com/title/tt4935446/?ref_=fn_al_tt_1,"New York City, New York, USA",United States of America
130,Frances Ha,2012,https://www.imdb.com/title/tt2347569/?ref_=fn_al_tt_1,"Sacramento, California, USA",United States of America
132,Stranger by the Lake,2013,https://www.imdb.com/title/tt2852458/?ref_=fn_al_tt_1,"Lake of Sainte-Croix, Verdon Gorge, France",France
133,Story of My Death,2013,https://www.imdb.com/title/tt3102458/?ref_=fn_al_tt_1,Romania,Romania
135,Shutter Island,2010,https://www.imdb.com/title/tt1130884/?ref_=fn_al_tt_1,"Peddocks Island, Boston Harbor, Boston, Massachusetts, USA",United States of America
137,Import Export,2007,https://www.imdb.com/title/tt0459102/?ref_=fn_al_tt_1,"Krasnyi Luch, Ukraine",Ukraine
138,The Revenant,2015,https://www.imdb.com/title/tt1663202/?ref_=fn_al_tt_1,"Ushuaia, Tierra del Fuego, Argentina",Argentina
141,Psalm III: 'Night of the Meek',2002,https://www.imdb.com/title/tt0351599/?ref_=fn_al_tt_1,"Boulder, Colorado, USA",United States of America
143,A Commuter’s Life (What a Life!),2014,https://www.imdb.com/title/tt2172554/?ref_=fn_al_tt_1,"Reykjavík, Iceland",Iceland
146,The World,2004,https://www.imdb.com/title/tt0327437/?ref_=fn_al_tt_1,"Königstein, Saxony, Germany",Germany
148,Court,2014,https://www.imdb.com/title/tt3717068/?ref_=fn_al_tt_1,"Mumbai, Maharashtra, India",India
149,"LSD: Love, Sex Aur Dhokha",2010,https://www.imdb.com/title/tt1608777/?ref_=fn_al_tt_1,India,India
150,Monsoon Wedding,2001,https://www.imdb.com/title/tt0265343/?ref_=fn_al_tt_1,"Chandni Chowk, Old Delhi, Central Delhi, Delhi, India",India
151,Dev D,2009,https://www.imdb.com/title/tt1327035/?ref_=fn_al_tt_1,"Chandigarh, Punjab, India",India
153,Udaan,2010,https://www.imdb.com/title/tt1639426/?ref_=fn_al_tt_1,"Jamshedpur, Jharkhand, India",India
154,Hazaaron Khwaishein Aisi,2003,https://www.imdb.com/title/tt0411469/?ref_=fn_al_tt_1,India,India
155,The Lady and the Duke,2001,https://www.imdb.com/title/tt8270592/?ref_=fn_al_tt_1,"Dublin, Ireland",Ireland
156,Me and You and Everyone We Know,2005,https://www.imdb.com/title/tt0415978/?ref_=fn_al_tt_1,"Los Angeles, California, USA",United States of America
157,Gone Girl,2014,https://www.imdb.com/title/tt2267998/?ref_=fn_al_tt_1,"Cape Girardeau, Missouri, USA",United States of America
158,Pain and Gain,2013,ERROR,"Miami, Florida, USA",United States of America
159,When the Levees Broke: A Requiem in Four Acts,2006,https://www.imdb.com/title/tt0783612/?ref_=fn_al_tt_1,"New Orleans, Louisiana, USA",United States of America
160,Love and Basketball,2000,ERROR,"Barcelona, Catalonia, Spain",Spain
161,Stray Dogs,2013,https://www.imdb.com/title/tt3119416/?ref_=fn_al_tt_1,"Taipei, Taiwan",Taiwan
162,Closed Curtain,2013,https://www.imdb.com/title/tt2626926/?ref_=fn_al_tt_1,"Mazandaran Province, Iran",Iran
163,Tangerine,2015,https://www.imdb.com/title/tt3824458/?ref_=fn_al_tt_1,"Los Angeles, California, USA",United States of America
164,Notre musique,2004,https://www.imdb.com/title/tt0360845/?ref_=fn_al_tt_1,Bosnia-Herzegovina,Bosnia and Herzegovina
166,Gran Torino,2008,https://www.imdb.com/title/tt1205489/?ref_=fn_al_tt_1,"Royal Oak, Michigan, USA",United States of America
167,Horse Money,2014,https://www.imdb.com/title/tt3907156/?ref_=fn_al_tt_1,"Lisbon, Portugal",Portugal
168,Fantastic Mr Fox,2012,https://www.imdb.com/title/tt0432283/?ref_=fn_al_tt_1,"Three Mills Studios, Three Mill Lane, Bow, London, England, UK",United Kingdom
169,Death Proof – Grindhouse,2007,https://www.imdb.com/title/tt1028528/?ref_=fn_al_tt_1,"Texas Chili Parlor - 1409 Lavaca St, Austin, Texas, USA",United States of America
170,Déjà Vu,2006,https://www.imdb.com/title/tt0453467/?ref_=fn_al_tt_1,"Four-Mile Bayou, Louisiana, USA",United States of America
171,Seventh Code,2013,https://www.imdb.com/title/tt3265404/?ref_=fn_al_tt_1,"Vladivostok, Russia",Russia
172,Waiting for Happiness,2002,https://www.imdb.com/title/tt0308363/?ref_=fn_al_tt_1,"Nouadhibou, Mauritania",Mauritania
173,Dreams of a Life,2011,https://www.imdb.com/title/tt1819513/?ref_=fn_al_tt_1,"Hannaywood Studios - 347 Bannow Road, Dublin, County Dublin, Ireland",Ireland
174,Lumumba,2000,https://www.imdb.com/title/tt0246765/?ref_=fn_al_tt_1,Belgium,Belgium
177,Middle of Nowhere,2012,https://www.imdb.com/title/tt1211890/?ref_=fn_al_tt_1,"Los Angeles, California, USA",United States of America
178,Star Trek,2009,https://www.imdb.com/title/tt0796366/?ref_=fn_al_tt_1,"Budweiser Brewery/Anheuser-Busch Inc, Van Nuys, Los Angeles, California, USA",United States of America
179,Of Gods and Men,2010,https://www.imdb.com/title/tt1588337/?ref_=fn_al_tt_1,"Tioumliline Monastery, Azrou, Morocco",Morocco
180,Into Great Silence,2005,https://www.imdb.com/title/tt0478160/?ref_=fn_al_tt_1,"Grande Chartreuse, Saint-Pierre-de-Chartreuse, Isère, France",France
181,The Descendants,2011,https://www.imdb.com/title/tt1033575/?ref_=fn_al_tt_1,"Hanalei, Kaua'i, Hawaii, USA",United States of America
182,You Can Count on Me Me,2000,https://www.imdb.com/title/tt0203230/?ref_=fn_al_tt_1,"Margaretville, New York, USA",United States of America
183,Wolff Von Amerongen: Did He Commit Bankruptcy Offences?,2004,https://www.imdb.com/title/tt0499138/?ref_=fn_al_tt_1,Germany,Germany
184,Longing,2006,https://www.imdb.com/title/tt0416213/?ref_=fn_al_tt_1,"Zühlen, Rheinsberg, Brandenburg, Germany",Germany
185,I’m Not There,2007,https://www.imdb.com/title/tt0368794/?ref_=fn_al_tt_1,"Brigham, Québec, Canada",Canada
187,The Holy Girl,2004,https://www.imdb.com/title/tt0300270/?ref_=fn_al_tt_1,"Salta, Argentina",Argentina
189,Hugo,2011,https://www.imdb.com/title/tt0970179/?ref_=fn_al_tt_1,"Peterborough Train Station, Peterborough, Cambridgeshire, England, UK",United Kingdom
190,Quills,2000,https://www.imdb.com/title/tt0180073/?ref_=fn_al_tt_1,"Painted Hall, King William Court, Old Royal Naval College, Greenwich, London, England, UK",United Kingdom
191,The Sapphires,2012,https://www.imdb.com/title/tt1673697/?ref_=fn_al_tt_1,"Ho Chi Minh City, Vietnam",Vietnam
192,Where Do We Go Now?,2011,https://www.imdb.com/title/tt1772424/?ref_=fn_al_tt_1,Lebanon,Lebanon
193,Ajami,2009,https://www.imdb.com/title/tt1077262/?ref_=fn_al_tt_1,"Jaffa, Israel",Israel
194,Hero,2002,https://www.imdb.com/title/tt0299977/?ref_=fn_al_tt_1,"Dunhuang, Gansu, China",China
195,Chakde! India,2007,https://www.imdb.com/title/tt0871510/?ref_=fn_al_tt_1,India,India
197,Coming Home,2014,https://www.imdb.com/title/tt3125472/?ref_=fn_al_tt_1,"Beijing, China",China
198,Everyone Else,2009,https://www.imdb.com/title/tt1204773/?ref_=fn_al_tt_1,"Sardinia, Italy",Italy
199,In Vanda’s Room,2000,https://www.imdb.com/title/tt0139500/?ref_=fn_al_tt_1,"Lisbon, Portugal",Portugal
200,My Golden Days,2015,https://www.imdb.com/title/tt4048050/?ref_=fn_al_tt_1,"Khujand, Tajikistan",Tajikistan
201,Sumas y Restas,2004,https://www.imdb.com/title/tt0265825/?ref_=fn_al_tt_1,"Medellín, Antioquia, Colombia",Colombia
203,The Days When I Do Not Exist,2002,https://www.imdb.com/title/tt0365398/?ref_=fn_al_tt_1,"Paris, France",France
205,Secret Sunshine,2007,https://www.imdb.com/title/tt0817225/?ref_=fn_al_tt_1,"Miryang, South Korea",South Korea
206,Michael Clayton,2007,https://www.imdb.com/title/tt0465538/?ref_=fn_al_tt_1,"Cornwall, New York, USA",United States of America
207,The King’s Speech,2010,https://www.imdb.com/title/tt1504320/?ref_=fn_al_tt_1,"Elland Road Football Stadium, Elland Road, Beeston, Leeds, West Yorkshire, England, UK",United Kingdom
208,Wild,2014,https://www.imdb.com/title/tt2305051/?ref_=fn_al_tt_1,"Crater Lake, Crater Lake National Park, Oregon, USA",United States of America
209,Theeb,2014,https://www.imdb.com/title/tt3170902/?ref_=fn_al_tt_1,"Wadi Rum, Jordan",Jordan
210,A Time for Drunken Horses,2000,https://www.imdb.com/title/tt0259072/?ref_=fn_al_tt_1,"Kurdistan, Iran",Iran
211,Hard to Be a God,2013,https://www.imdb.com/title/tt2328813/?ref_=fn_al_tt_1,"Tocnik Castle, Central Bohemia, Czech Republic",Czechia
212,Cosmos,2015,https://www.imdb.com/title/tt4035268/?ref_=fn_al_tt_1,"Sintra, Portugal",Portugal
213,Morvern Callar,2002,https://www.imdb.com/title/tt0300214/?ref_=fn_al_tt_1,"Almería, Andalucía, Spain",Spain
214,Bad Education,2005,https://www.imdb.com/title/tt2337840/?ref_=fn_al_tt_1,"Battersea, London, England, UK",United Kingdom
215,Rust and Bone,2012,https://www.imdb.com/title/tt2053425/?ref_=fn_al_tt_1,"Marineland, Antibes, Alpes-Maritimes, France",France
216,5x2,2004,https://www.imdb.com/title/tt0354356/?ref_=fn_al_tt_1,"Paris Charles de Gaulle Airport, Roissy-en-France, Val-d'Oise, France",France
217,The Last of the Unjust,2013,https://www.imdb.com/title/tt3581920/?ref_=fn_al_tt_1,"Calgary, Alberta, Canada",Canada
218,"Police, Adjective",2009,https://www.imdb.com/title/tt1337051/?ref_=fn_al_tt_1,"Vaslui, Romania",Romania
219,Far From Heaven,2002,https://www.imdb.com/title/tt0297884/?ref_=fn_al_tt_1,"Fabian's Ritz Theatre - 1148 E. Jersey Street, Elizabeth, New Jersey, USA",United States of America
220,The Pianist,2002,https://www.imdb.com/title/tt0253474/?ref_=fn_al_tt_1,"Instalatorów, Ochota, Warsaw, Mazowieckie, Poland",Poland
221,Idiocracy,2006,https://www.imdb.com/title/tt0387808/?ref_=fn_al_tt_1,"Austin Convention Center - 500 E. Cesar Chavez Street, Austin, Texas, USA",United States of America
222,Morvern Callar,2012,https://www.imdb.com/title/tt0300214/?ref_=fn_al_tt_1,"Almería, Andalucía, Spain",Spain
223,Animal Kingdom,2010,https://www.imdb.com/title/tt1313092/?ref_=fn_al_tt_1,"Melbourne, Victoria, Australia",Australia
224,Attack the Block,2011,https://www.imdb.com/title/tt1478964/?ref_=fn_al_tt_1,"Heygate Estate, Southwark, London, England, UK",United Kingdom
225,Jackass 3D,2010,https://www.imdb.com/title/tt1116184/?ref_=fn_al_tt_1,"Santa Clarita, California, USA",United States of America
226,What Time Is It There?,2001,https://www.imdb.com/title/tt0269746/?ref_=fn_al_tt_1,"Taipei Hesien, Taiwan",Taiwan
227,The Intruder,2004,https://www.imdb.com/title/tt0422491/?ref_=fn_al_tt_1,"Papeete, Tahiti, French Polynesia",French Polynesia
228,You Can Count On Me,2000,https://www.imdb.com/title/tt0203230/?ref_=fn_al_tt_1,"Margaretville, New York, USA",United States of America
229,Vera Drake,2004,https://www.imdb.com/title/tt0383694/?ref_=fn_al_tt_1,UK,United Kingdom
230,The Magdalene Sisters,2002,https://www.imdb.com/title/tt0318411/?ref_=fn_al_tt_1,"Dumfries & Galloway, Scotland, UK",United Kingdom
231,Father of My Children,2009,https://www.imdb.com/title/tt1356928/?ref_=fn_al_tt_1,"Orléans, Loiret, France",France
232,Good Night and Good Luck,2005,https://www.imdb.com/title/tt0433383/?ref_=fn_al_tt_1,"CBS Television City - 7800 Beverly Boulevard, Fairfax, Los Angeles, California, USA",United States of America
233,The Consequences of Love,2004,https://www.imdb.com/title/tt0398883/?ref_=fn_al_tt_1,"Lugano, Cantone Ticino, Switzerland",Switzerland
234,Summer Hours,2008,https://www.imdb.com/title/tt0836700/?ref_=fn_al_tt_1,"La Saglière, rue des Rayons, Butry-sur-Oise, Val-d'Oise, France",France
235,Wet Hot American Summer,2001,https://www.imdb.com/title/tt0243655/?ref_=fn_al_tt_1,"Honesdale, Pennsylvania, USA",United States of America
236,Cast Away,2000,https://www.imdb.com/title/tt0162222/?ref_=fn_al_tt_1,"Monuriki, Fiji",Fiji
237,Traffic,2000,https://www.imdb.com/title/tt0181865/?ref_=fn_al_tt_1,"Cincinnati, Ohio, USA",United States of America
239,Hotel Rwanda,2004,https://www.imdb.com/title/tt0395169/?ref_=fn_al_tt_1,Rwanda,Rwanda
240,The Curious Case of Benjamin Button,2008,https://www.imdb.com/title/tt0421715/?ref_=fn_al_tt_1,India,India
242,Wendy and Lucy,2008,https://www.imdb.com/title/tt1152850/?ref_=fn_al_tt_1,"Portland, Oregon, USA",United States of America
243,The Child,2005,https://www.imdb.com/title/tt0456396/?ref_=fn_al_tt_1,"Rue de la Banque, Seraing, Liège, Wallonia, Belgium",Belgium
244,Silent Light,2007,https://www.imdb.com/title/tt0841925/?ref_=fn_al_tt_1,"Chihuahua, Mexico",Mexico
245,Winter's Bone,2010,https://www.imdb.com/title/tt1399683/?ref_=fn_al_tt_1,"Forsyth, Missouri, USA",United States of America
246,Moon,2009,https://www.imdb.com/title/tt1182345/?ref_=fn_al_tt_1,"Shepperton Studios, Shepperton, Surrey, England, UK",United Kingdom
247,The Taste of Others,2000,https://www.imdb.com/title/tt0216787/?ref_=fn_al_tt_1,"Rue Louis Ricard, Rouen, Seine-Maritime, France",France
248,Wild Tales,2014,https://www.imdb.com/title/tt3011894/?ref_=fn_al_tt_1,"Cafayate, Salta, Argentina",Argentina
249,Bridesmaids,2011,https://www.imdb.com/title/tt1478338/?ref_=fn_al_tt_1,"2501 South Kinnickinnic Avenue, Milwaukee, Wisconsin, USA",United States of America
250,Days of Glory,2006,https://www.imdb.com/title/tt0444182/?ref_=fn_al_tt_1,"Agadir, Morocco",Morocco
252,House of Flying Daggers,2004,https://www.imdb.com/title/tt0385004/?ref_=fn_al_tt_1,"Kossiv National Park, Ukraine",Ukraine
254,678,2010,https://www.imdb.com/title/tt1764141/?ref_=fn_al_tt_1,"Cairo, Egypt",Egypt
256,United 93,2006,https://www.imdb.com/title/tt0475276/?ref_=fn_al_tt_1,Morocco,Morocco
258,Anchorman: The Legend of Ron Burgundy,2004,https://www.imdb.com/title/tt0357413/?ref_=fn_al_tt_1,"Balboa Park - 1549 El Prado, San Diego, California, USA",United States of America
259,The Wrestler,2008,https://www.imdb.com/title/tt1125849/?ref_=fn_al_tt_1,"Stiletto Club, Carlstadt, New Jersey, USA",United States of America
260,Los Angeles Plays Itself,2003,https://www.imdb.com/title/tt0379357/?ref_=fn_al_tt_1,"Ennis House - 2607 Glendower Avenue, Los Feliz, Los Angeles, California, USA",United States of America
261,Millennium Mambo,2001,https://www.imdb.com/title/tt0283283/?ref_=fn_al_tt_1,Taiwan,Taiwan
262,Crank,2006,https://www.imdb.com/title/tt0479884/?ref_=fn_al_tt_1,"The Prince - 3198 W 7th St, Los Angeles, California, USA",United States of America
263,The Forest for the Trees,2003,https://www.imdb.com/title/tt0386862/?ref_=fn_al_tt_1,"Baden-Baden, Baden-Württemberg, Germany",Germany
264,Miami Vice,2006,https://www.imdb.com/title/tt0430357/?ref_=fn_al_tt_1,"Old City, Montevideo, Uruguay",Uruguay
265,Woman on the Beach,2006,https://www.imdb.com/title/tt0835787/?ref_=fn_al_tt_1,South Korea,South Korea
266,The Son,2002,https://www.imdb.com/title/tt0291172/?ref_=fn_al_tt_1,"Liège, Wallonia, Belgium",Belgium
267,Fish Tank,2009,https://www.imdb.com/title/tt1232776/?ref_=fn_al_tt_1,"Barking, London, England, UK",United Kingdom
268,Silent Souls,2010,https://www.imdb.com/title/tt1693830/?ref_=fn_al_tt_1,"Naberezhnaya Fedorovskogo, Nizhny Novgorod, Russia",Russia
270,Kung Fu Hustle,2004,https://www.imdb.com/title/tt0373074/?ref_=fn_al_tt_1,"Shanghai, China",China
272,Un lac,2008,https://www.imdb.com/title/tt1270702/?ref_=fn_al_tt_1,France,France
273,Detention,2011,https://www.imdb.com/title/tt1701990/?ref_=fn_al_tt_1,"University High School - 11800 Texas Avenue, West Los Angeles, Los Angeles, California, USA",United States of America
275,The Wolf of Wall Street,2013,https://www.imdb.com/title/tt0993846/?ref_=fn_al_tt_1,"Portofino, Genoa, Liguria, Italy",Italy
276,The Ghost Writer,2010,https://www.imdb.com/title/tt1139328/?ref_=fn_al_tt_1,"Peenemünde, Mecklenburg-Western Pomerania, Germany",Germany
277,The Son's Room,2001,https://www.imdb.com/title/tt0208990/?ref_=fn_al_tt_1,"Ancona, Marche, Italy",Italy
278,A History of Violence,2005,https://www.imdb.com/title/tt0399146/?ref_=fn_al_tt_1,"Millbrook, Ontario, Canada",Canada
279,Before the Devil Knows You're Dead,2007,https://www.imdb.com/title/tt0292963/?ref_=fn_al_tt_1,"47th Street, Manhattan, New York City, New York, USA",United States of America
280,Match Point,2005,https://www.imdb.com/title/tt0416320/?ref_=fn_al_tt_1,"Englefield House, Theale, Reading, Berkshire, England, UK",United Kingdom
281,Carlos,2010,https://www.imdb.com/title/tt1321865/?ref_=fn_al_tt_1,Hungary,Hungary
282,You Ain’t Seen Nothin’ Yet,2012,https://www.imdb.com/title/tt1690389/?ref_=fn_al_tt_1,"Epiais-Rhus, Val-d'Oise, France",France
283,No Home Movie,2015,https://www.imdb.com/title/tt4881016/?ref_=fn_al_tt_1,"Brussels, Brussels-Capital, Belgium",Belgium
284,The Romance of Astrea and Celadon,2009,https://www.imdb.com/title/tt0823240/?ref_=fn_al_tt_1,"Auvergne, France",France
286,Michelangelo Eye to Eye,2004,https://www.imdb.com/title/tt0409285/?ref_=fn_al_tt_1,"Rome, Lazio, Italy",Italy
288,Café Lumière,2003,https://www.imdb.com/title/tt0412596/?ref_=fn_al_tt_1,"Tokyo, Japan",Japan
289,You Will Meet a Tall Dark Stranger,2010,https://www.imdb.com/title/tt1182350/?ref_=fn_al_tt_1,"Bell Street, Westminster, London, England, UK",United Kingdom
290,The Hateful Eight,2015,https://www.imdb.com/title/tt3460252/?ref_=fn_al_tt_1,"Schmid Ranch, Telluride, Colorado, USA",United States of America
291,Enter the Void,2009,https://www.imdb.com/title/tt1191111/?ref_=fn_al_tt_1,"Montréal, Québec, Canada",Canada
292,Hedwig and the Angry Inch,2001,https://www.imdb.com/title/tt0248845/?ref_=fn_al_tt_1,"The Eaton Center, Toronto, Ontario, Canada",Canada
293,The Lord of the Rings: The Fellowship of the Ring,2001,https://www.imdb.com/title/tt0120737/?ref_=fn_al_tt_1,"Wellington, New Zealand",New Zealand
294,Fat Girl,2001,https://www.imdb.com/title/tt0243255/?ref_=fn_al_tt_1,France,France
295,Battle Royale,2000,https://www.imdb.com/title/tt0266308/?ref_=fn_al_tt_1,"Hachijo Island, Tokyo, Japan",Japan
296,Bad Lieutenant: Port of Call New Orleans,2009,https://www.imdb.com/title/tt1095217/?ref_=fn_al_tt_1,"New Orleans, Louisiana, USA",United States of America
297,Night Will Fall,2014,https://www.imdb.com/title/tt3455822/?ref_=fn_al_tt_1,"Berlin, Germany",Germany
298,Red Road,2006,https://www.imdb.com/title/tt0471030/?ref_=fn_al_tt_1,"Barmulloch, Glasgow, Strathclyde, Scotland, UK",United Kingdom
299,Before Midnight,2013,https://www.imdb.com/title/tt2209418/?ref_=fn_al_tt_1,"The Westin Resort Costa Navarino, Messinia, Greece",Greece
300,Munich,2005,https://www.imdb.com/title/tt0408306/?ref_=fn_al_tt_1,"Bugibba, Malta",Malta
301,Sexy Beast,2000,https://www.imdb.com/title/tt0203119/?ref_=fn_al_tt_1,"Agua Amarga, Almería, Andalucía, Spain",Spain
302,The Lobster,2015,https://www.imdb.com/title/tt3464902/?ref_=fn_al_tt_1,"County Kerry, Ireland",Ireland
303,Best in Show,2000,https://www.imdb.com/title/tt0218839/?ref_=fn_al_tt_1,"Aldergrove, British Columbia, Canada",Canada
304,Gladiator,2000,https://www.imdb.com/title/tt0172495/?ref_=fn_al_tt_1,"Ouarzazate, Morocco",Morocco
306,Brooklyn,2015,https://www.imdb.com/title/tt2381111/?ref_=fn_al_tt_1,"Curracloe Beach, Ballinesker, County Wexford, Ireland",Ireland
307,Blue Valentine,2010,https://www.imdb.com/title/tt1120985/?ref_=fn_al_tt_1,"Carbondale, Pennsylvania, USA",United States of America
308,The Baader Meinhof Complex,2008,https://www.imdb.com/title/tt0765432/?ref_=fn_al_tt_1,Morocco,Morocco
309,No Man's Land,2001,https://www.imdb.com/title/tt0283509/?ref_=fn_al_tt_1,Slovenia,Slovenia
310,Che,2008,https://www.imdb.com/title/tt0892255/?ref_=fn_al_tt_1,Puerto Rico,Puerto Rico
311,Ghost World,2001,https://www.imdb.com/title/tt0162346/?ref_=fn_al_tt_1,"Quality Coffee Shop - 1238 West 7th Street, Los Angeles, California, USA",United States of America
312,Django Unchained,2012,https://www.imdb.com/title/tt1853728/?ref_=fn_al_tt_1,"Evergreen Plantation, 4677 Highway 18, Edgard, Louisiana, USA",United States of America
313,Alpha Dog,2006,https://www.imdb.com/title/tt0426883/?ref_=fn_al_tt_1,"Caliente Tropics Resort Hotel - 411 E. Palm Canyon Drive, Palm Springs, California, USA",United States of America
314,Young Adult,2011,https://www.imdb.com/title/tt1625346/?ref_=fn_al_tt_1,"Denny's - 13450 Rogers Dr, Rogers, Minnesota, USA",United States of America
315,The Circle,2000,https://www.imdb.com/title/tt0255094/?ref_=fn_al_tt_1,"Tehran, Iran",Iran
316,Dirty Pretty Things,2002,https://www.imdb.com/title/tt0301199/?ref_=fn_al_tt_1,"Shepperton Studios, Shepperton, Surrey, England, UK",United Kingdom
317,We Need to Talk About Kevin,2011,https://www.imdb.com/title/tt1242460/?ref_=fn_al_tt_1,"New York City, New York, USA",United States of America
318,The Imposter,2012,https://www.imdb.com/title/tt1966604/?ref_=fn_al_tt_1,"San Antonio, Texas, USA",United States of America
319,A Girl Walks Home Alone at Night,2014,https://www.imdb.com/title/tt2326554/?ref_=fn_al_tt_1,"Bakersfield, California, USA",United States of America
320,Mother,2009,https://www.imdb.com/title/tt1216496/?ref_=fn_al_tt_1,"Busan, South Korea",South Korea
321,Bone Tomahawk,2015,https://www.imdb.com/title/tt2494362/?ref_=fn_al_tt_1,"Paramount Ranch - 2813 Cornell Road, Agoura, California, USA",United States of America
322,The Queen,2006,https://www.imdb.com/title/tt0436697/?ref_=fn_al_tt_1,"Castle Fraser, Aberdeenshire, Scotland, UK",United Kingdom
323,The Comedy,2012,https://www.imdb.com/title/tt2112293/?ref_=fn_al_tt_1,"Greenpoint, Brooklyn, New York City, New York, USA",United States of America
324,Donnie Darko,2001,https://www.imdb.com/title/tt0246578/?ref_=fn_al_tt_1,"4225 Country Club Drive, Long Beach, California, USA",United States of America
325,"O Brother, Where Art Thou?",2000,https://www.imdb.com/title/tt0190590/?ref_=fn_al_tt_1,"D'Lo Water Park, D'Lo, Mississippi, USA",United States of America
326,Climates,2006,https://www.imdb.com/title/tt0498097/?ref_=fn_al_tt_1,"Agri, Turkey",Turkey
328,Y Tu Mamá También,2001,https://www.imdb.com/title/tt0245574/?ref_=fn_al_tt_1,"Tepelmeme Villa de Morelos, Oaxaca, Mexico",Mexico
329,Waking Life,2001,https://www.imdb.com/title/tt0243017/?ref_=fn_al_tt_1,"San Antonio, Texas, USA",United States of America
330,Melancholia,2011,https://www.imdb.com/title/tt1527186/?ref_=fn_al_tt_1,"Tjolöholm Castle, Fjärås, Sweden",Sweden
331,Beyond the Hills,2012,https://www.imdb.com/title/tt2258281/?ref_=fn_al_tt_1,"Campina, Romania",Romania
332,Stories We Tell,2012,https://www.imdb.com/title/tt2366450/?ref_=fn_al_tt_1,"Toronto, Ontario, Canada",Canada
334,Winter Sleep,2014,https://www.imdb.com/title/tt2758880/?ref_=fn_al_tt_1,"Cappadoccia, Turkey",Turkey
335,Timbuktu,2014,https://www.imdb.com/title/tt3409392/?ref_=fn_al_tt_1,"Oualata, Mauritania",Mauritania
336,Mia Madre,2015,https://www.imdb.com/title/tt3013610/?ref_=fn_al_tt_1,"Rome, Lazio, Italy",Italy
337,Oasis,2002,https://www.imdb.com/title/tt0320193/?ref_=fn_al_tt_1,"Seoul, South Korea",South Korea
338,Bad Education,2004,https://www.imdb.com/title/tt0275491/?ref_=fn_al_tt_1,"Escuela Pías de Alella, Alella, Barcelona, Catalonia, Spain",Spain
339,The House of Mirth,2000,https://www.imdb.com/title/tt0200720/?ref_=fn_al_tt_1,"The Sixty Steps, Glasgow, Glasgow City, Scotland, UK",United Kingdom
340,Locke,2013,https://www.imdb.com/title/tt2692904/?ref_=fn_al_tt_1,"Broadgate, London, England, UK",United Kingdom
341,Sin Nombre,2009,https://www.imdb.com/title/tt1127715/?ref_=fn_al_tt_1,"Torreón, Coahuíla, Mexico",Mexico
342,Fruitvale Station,2013,https://www.imdb.com/title/tt2334649/?ref_=fn_al_tt_1,"Oakland, California, USA",United States of America
343,Babel,2006,https://www.imdb.com/title/tt0449467/?ref_=fn_al_tt_1,"Ouarzazate, Morocco",Morocco
344,Once Upon a Time in Anatolia,2011,https://www.imdb.com/title/tt1843230/?ref_=fn_al_tt_1,"Steveston, Richmond, British Columbia, Canada",Canada
345,Colossal Youth,2006,https://www.imdb.com/title/tt0460480/?ref_=fn_al_tt_1,"Lisbon, Portugal",Portugal
346,The Sky Trembles and the Earth Is Afraid and the Two Eyes Are Not Brothers,2015,https://www.imdb.com/title/tt4881172/?ref_=fn_al_tt_1,Morocco,Morocco
347,From What Is Before,2014,https://www.imdb.com/title/tt3303310/?ref_=fn_al_tt_1,Philippines,Philippines
348,Lost and Beautiful,2015,https://www.imdb.com/title/tt2188860/?ref_=fn_al_tt_1,"Royal Palace of Carditello, San Tammaro, Caserta, Campania, Italy",Italy
349,The Assassination of Jesse James by the Coward Robert Ford,2007,https://www.imdb.com/title/tt0443680/?ref_=fn_al_tt_1,"Fort Edmonton Park - Fox Drive and Whitemud Drive, Edmonton, Alberta, Canada",Canada
351,Tie Xi Qu: West of the Tracks,2002,https://www.imdb.com/title/tt0389448/?ref_=fn_al_tt_1,"Shenyang, Liaoning, China",China
352,The Yards,2000,https://www.imdb.com/title/tt0138946/?ref_=fn_al_tt_1,"39 India Street, Greenpoint, Brooklyn, New York City, New York, USA",United States of America
353,Platform,2000,https://www.imdb.com/title/tt0258885/?ref_=fn_al_tt_1,China,China
354,Shara,2003,https://www.imdb.com/title/tt0363060/?ref_=fn_al_tt_1,"Nara, Japan",Japan
355,Ten,2002,https://www.imdb.com/title/tt0301978/?ref_=fn_al_tt_1,"Tehran, Iran",Iran
356,Twixt,2011,https://www.imdb.com/title/tt1756851/?ref_=fn_al_tt_1,"Aetna Springs, Pope Valley, California, USA",United States of America
358,Spring Breakers,2012,https://www.imdb.com/title/tt2101441/?ref_=fn_al_tt_1,"Pinellas County, Florida, USA",United States of America
359,Let the Right One In,2008,https://www.imdb.com/title/tt1139797/?ref_=fn_al_tt_1,"Örnäset, Luleå, Norrbottens län, Sweden",Sweden
360,It's Such a Beautiful Day,2012,https://www.imdb.com/title/tt2396224/?ref_=fn_al_tt_1,"Austin, Texas, USA",United States of America
362,The Babadook,2014,https://www.imdb.com/title/tt2321549/?ref_=fn_al_tt_1,"Adelaide, South Australia, Australia",Australia
363,Take This Waltz,2011,https://www.imdb.com/title/tt1592281/?ref_=fn_al_tt_1,"Louisbourg, Nova Scotia, Canada",Canada
364,Man on Wire,2008,https://www.imdb.com/title/tt1155592/?ref_=fn_al_tt_1,"World Trade Center, Manhattan, New York City, New York, USA",United States of America
365,Avatar,2009,https://www.imdb.com/title/tt0499549/?ref_=fn_al_tt_1,"Kaua'i, Hawaii, USA",United States of America
366,Bend It Like Beckham,2002,https://www.imdb.com/title/tt0286499/?ref_=fn_al_tt_1,"Barra Hall Park, Freemans Lane, Hayes, Greater London, England, UK",United Kingdom
367,Her,2013,https://www.imdb.com/title/tt1798709/?ref_=fn_al_tt_1,"Shanghai, China",China
368,The Namesake,2006,https://www.imdb.com/title/tt0433416/?ref_=fn_al_tt_1,"Nyack, New York, USA",United States of America
369,Finding Nemo,2003,https://www.imdb.com/title/tt0266543/?ref_=fn_al_tt_1,"Pixar Animation Studios - 1200 Park Avenue, Emeryville, California, USA",United States of America
370,Whiplash,2014,https://www.imdb.com/title/tt2582802/?ref_=fn_al_tt_1,"Santa Clarita, California, USA",United States of America
371,Revolutionary Road,2008,https://www.imdb.com/title/tt0959337/?ref_=fn_al_tt_1,"Darien, Connecticut, USA",United States of America
372,Weekend,2011,https://www.imdb.com/title/tt1714210/?ref_=fn_al_tt_1,"Nottingham Railway Station, Carrington Street, Nottingham, Nottinghamshire, England, UK",United Kingdom
373,The Beat That My Heart Skipped,2005,https://www.imdb.com/title/tt0411270/?ref_=fn_al_tt_1,"Paris, France",France
374,The Edge of Heaven,2007,https://www.imdb.com/title/tt0880502/?ref_=fn_al_tt_1,"Taksim, Istanbul, Turkey",Turkey
376,Good Bye Lenin!,2003,https://www.imdb.com/title/tt0301357/?ref_=fn_al_tt_1,"Alexanderplatz, Mitte, Berlin, Germany",Germany
377,Incendies,2010,https://www.imdb.com/title/tt1255953/?ref_=fn_al_tt_1,"Amman, Jordan",Jordan
378,Birth,2004,https://www.imdb.com/title/tt0337876/?ref_=fn_al_tt_1,"1136 Fifth Avenue, Manhattan, New York City, New York, USA",United States of America
379,Elena,2011,https://www.imdb.com/title/tt1925421/?ref_=fn_al_tt_1,"Biryulyovo Zapadnoye District, Moscow, Russia",Russia
380,Carol,2015,https://www.imdb.com/title/tt2402927/?ref_=fn_al_tt_1,"Cincinnati, Ohio, USA",United States of America
381,Master and Commander: The Far Side of the World,2003,https://www.imdb.com/title/tt0311113/?ref_=fn_al_tt_1,"Galapagos Islands, Ecuador",Ecuador
382,The Prestige,2006,https://www.imdb.com/title/tt0482571/?ref_=fn_al_tt_1,"Durango and Silverton Narrow Gauge Railroad, Colorado, USA",United States of America
383,The Incredibles,2004,https://www.imdb.com/title/tt0317705/?ref_=fn_al_tt_1,"Walt Disney Feature Animation - 500 S. Buena Vista Street, Burbank, California, USA",United States of America
384,Gosford Park,2001,https://www.imdb.com/title/tt0280707/?ref_=fn_al_tt_1,"Syon House, Syon Park, Brentford, Middlesex, England, UK",United Kingdom
385,Song of the Sea,2014,https://www.imdb.com/title/tt1865505/?ref_=fn_al_tt_1,"Cartoon Saloon, The Maltings, Tilbury Place, James' Street, Kilkenny, Kilkenny County, Ireland",Ireland
386,Adaptation,2002,https://www.imdb.com/title/tt0268126/?ref_=fn_al_tt_1,"Santa Barbara, California, USA",United States of America
387,Elephant,2003,https://www.imdb.com/title/tt0363589/?ref_=fn_al_tt_1,"Whitaker Middle School, 5700 NE 39th Ave, Portland, Oregon, USA",United States of America
388,Syndromes and a Century,2006,https://www.imdb.com/title/tt0477731/?ref_=fn_al_tt_1,"Lumphini Botanical Park, Bangkok, Thailand",Thailand
389,35 Shots of Rum,2008,https://www.imdb.com/title/tt1100048/?ref_=fn_al_tt_1,"Gare du Nord, Paris 10, Paris, France",France
390,"Monsters, Inc.",2001,https://www.imdb.com/title/tt0198781/?ref_=fn_al_tt_1,"Pixar Animation Studios - 1200 Park Avenue, Emeryville, California, USA",United States of America
391,The Arbor,2010,https://www.imdb.com/title/tt1623008/?ref_=fn_al_tt_1,"Bradford, West Yorkshire, England, UK",United Kingdom
394,2046,2004,https://www.imdb.com/title/tt7150512/?ref_=fn_al_tt_1,Australia,Australia
395,Beasts of the Southern Wild,2012,https://www.imdb.com/title/tt2125435/?ref_=fn_al_tt_1,"Terrebonne Parish, Louisiana, USA",United States of America
396,Short Term 12,2013,https://www.imdb.com/title/tt2370248/?ref_=fn_al_tt_1,"California, USA",United States of America
397,Monster,2003,https://www.imdb.com/title/tt0340855/?ref_=fn_al_tt_1,"Casselberry, Florida, USA",United States of America
398,Caramel,2007,https://www.imdb.com/title/tt0825236/?ref_=fn_al_tt_1,"Beirut, Lebanon",Lebanon
399,The Tiger and the Snow,2005,https://www.imdb.com/title/tt0419198/?ref_=fn_al_tt_1,Tunisia,Tunisia
400,Taxi Tehran,2015,https://www.imdb.com/title/tt4359416/?ref_=fn_al_tt_1,"Tehran, Iran",Iran
401,A Borrowed Identity,2014,https://www.imdb.com/title/tt2841572/?ref_=fn_al_tt_1,"Jerusalem, Israel",Israel
402,When I Saw You,2012,https://www.imdb.com/title/tt2369543/?ref_=fn_al_tt_1,Jordan,Jordan
403,99 Homes,2014,https://www.imdb.com/title/tt2891174/?ref_=fn_al_tt_1,"New Orleans, Louisiana, USA",United States of America
404,Human,2015,https://www.imdb.com/title/tt3327994/?ref_=fn_al_tt_1,Bangladesh,Bangladesh
405,American Psycho,2000,https://www.imdb.com/title/tt0144084/?ref_=fn_al_tt_1,"Shark City Bar and Grill - 117 Eglinton Avenue, Toronto, Ontario, Canada",Canada
406,Lilya 4-Ever,2002,https://www.imdb.com/title/tt0300140/?ref_=fn_al_tt_1,"Film i Väst, Nohab Industrial Estate, Trollhättan, Västra Götalands län, Sweden",Sweden
407,A Serious Man,2009,https://www.imdb.com/title/tt1019452/?ref_=fn_al_tt_1,Czech Republic,Czechia
409,Letters From Iwo Jima,2006,https://www.imdb.com/title/tt0498380/?ref_=fn_al_tt_1,"Iwo Jima, Japan",Japan
410,The Death of Mr Lazarescu,2005,https://www.imdb.com/title/tt0456149/?ref_=fn_al_tt_1,"Bucharest, Romania",Romania
411,Paradise Now,2005,https://www.imdb.com/title/tt0445620/?ref_=fn_al_tt_1,"Nablus, Palestine",Palestine
412,A Pigeon Sat on a Branch Reflecting on Existence,2014,https://www.imdb.com/title/tt1883180/?ref_=fn_al_tt_1,"Östermalm, Stockholm, Stockholms län, Sweden",Sweden
413,Almost Famous,2000,https://www.imdb.com/title/tt0181875/?ref_=fn_al_tt_1,"San Diego Sports Arena - 3500 Sports Arena Boulevard San Diego, California, USA",United States of America
414,Punch-Drunk Love,2002,https://www.imdb.com/title/tt0272338/?ref_=fn_al_tt_1,"Le Petit Chateau - 4615 Lankershim Blvd, North Hollywood, Los Angeles, California, USA",United States of America
415,Kill Bill: Vol. 1,2003,https://www.imdb.com/title/tt0266697/?ref_=fn_al_tt_1,"Shinjuku, Tokyo, Japan",Japan
416,Shrek,2001,https://www.imdb.com/title/tt0126029/?ref_=fn_al_tt_1,"Glendale, California, USA",United States of America
417,The Time That Remains,2009,https://www.imdb.com/title/tt1037163/?ref_=fn_al_tt_1,"Ramallah, Palestine",Palestine
418,The Box of Life,2002,https://www.imdb.com/title/tt2709768/?ref_=fn_al_tt_1,"New York City, New York, USA",United States of America
419,Men at Work,2006,https://www.imdb.com/title/tt0100135/?ref_=fn_al_tt_1,"Redondo Beach, California, USA",United States of America
420,Tey,2012,https://www.imdb.com/title/tt2178935/?ref_=fn_al_tt_1,"Dakar, Senegal",Senegal
422,Arabian Nights: Volume 1 – The Restless One,2015,https://www.imdb.com/title/tt3284178/?ref_=fn_al_tt_1,"Viana do Castelo, Minho, Portugal",Portugal
424,Werckmeister Harmonies,2000,https://www.imdb.com/title/tt0249241/?ref_=fn_al_tt_1,"Baja, Hungary",Hungary
427,Nostalgia for the Light,2010,https://www.imdb.com/title/tt1556190/?ref_=fn_al_tt_1,"Atacama Desert, Chile",Chile
428,Three Times,2005,https://www.imdb.com/title/tt0459666/?ref_=fn_al_tt_1,Taiwan,Taiwan
429,"Synecdoche, New York",2008,https://www.imdb.com/title/tt0383028/?ref_=fn_al_tt_1,"Schenectady, New York, USA",United States of America
430,Pulse,2001,https://www.imdb.com/title/tt0286751/?ref_=fn_al_tt_1,"Tokyo, Japan",Japan
431,Zero Dark Thirty,2012,https://www.imdb.com/title/tt1790885/?ref_=fn_al_tt_1,"Manimajra Fort, Chandigarh, Punjab, India",India
432,Beginners,2010,https://www.imdb.com/title/tt1532503/?ref_=fn_al_tt_1,"Biltmore Hotel - 506 S. Grand Avenue, Downtown, Los Angeles, California, USA",United States of America
433,Gett: The Trial of Viviane Amselem,2014,https://www.imdb.com/title/tt3062880/?ref_=fn_al_tt_1,Israel,Israel
434,The Look of Silence,2014,https://www.imdb.com/title/tt3521134/?ref_=fn_al_tt_1,Indonesia,Indonesia
435,Knight of Cups,2015,https://www.imdb.com/title/tt2101383/?ref_=fn_al_tt_1,"Death Valley National Park, California, USA",United States of America
436,Inherent Vice,2014,https://www.imdb.com/title/tt1791528/?ref_=fn_al_tt_1,"Arrowhead Springs Hotel - 24918 Arrowhead Springs Road, San Bernardino, California, USA",United States of America
437,Godzilla,2014,https://www.imdb.com/title/tt0831387/?ref_=fn_al_tt_1,"Vancouver, British Columbia, Canada",Canada
438,No,2012,https://www.imdb.com/title/tt1190080/?ref_=fn_al_tt_1,"Honolulu, Hawaii, USA",United States of America
440,Girlhood,2014,https://www.imdb.com/title/tt3655522/?ref_=fn_al_tt_1,"Cité de la Noue, Bagnolet, Seine-Saint-Denis, France",France
441,Eden,2014,https://www.imdb.com/title/tt3090634/?ref_=fn_al_tt_1,"New York City, New York, USA",United States of America
442,A Touch of Sin,2013,https://www.imdb.com/title/tt2852400/?ref_=fn_al_tt_1,"Chongqing, China",China
443,24 Hour Party People,2002,https://www.imdb.com/title/tt0274309/?ref_=fn_al_tt_1,"Granada Studios, Quay Street, Manchester, Greater Manchester, England, UK",United Kingdom
444,Under the Skin,2013,https://www.imdb.com/title/tt1441395/?ref_=fn_al_tt_1,"Wanlockhead, Dumfries & Galloway, Scotland, UK",United Kingdom
445,The Great Beauty,2013,https://www.imdb.com/title/tt2358891/?ref_=fn_al_tt_1,"Fontana dell'Acqua Paola, Janiculum Hill, Rome, Lazio, Italy",Italy
446,Nebraska,2013,https://www.imdb.com/title/tt1821549/?ref_=fn_al_tt_1,"Lincoln, Nebraska, USA",United States of America
447,Before Sunset,2004,https://www.imdb.com/title/tt0381681/?ref_=fn_al_tt_1,"Seine River, Paris, France",France
448,Team America: World Police,2004,https://www.imdb.com/title/tt0372588/?ref_=fn_al_tt_1,"Arlington National Cemetery, Arlington, Virginia, USA",United States of America
449,Borat: Cultural Learnings of America for Make Benefit Glorious Nation of Kazakhstan,2006,https://www.imdb.com/title/tt0443453/?ref_=fn_al_tt_1,"Glod, Romania",Romania
450,Moolaadé,2004,https://www.imdb.com/title/tt0416991/?ref_=fn_al_tt_1,Senegal,Senegal
451,"Crouching Tiger, Hidden Dragon",2000,https://www.imdb.com/title/tt0190332/?ref_=fn_al_tt_1,"Huangshan region, Anhui Province, China",China
452,The Diving Bell and the Butterfly,2007,https://www.imdb.com/title/tt0401383/?ref_=fn_al_tt_1,"Berck, Pas-de-Calais, France",France
453,My Winnipeg,2007,https://www.imdb.com/title/tt1093842/?ref_=fn_al_tt_1,"Winnipeg, Manitoba, Canada",Canada
454,Inside Out,2015,https://www.imdb.com/title/tt2096673/?ref_=fn_al_tt_1,"Pixar Animation Studios - 1200 Park Avenue, Emeryville, California, USA",United States of America
455,Step Brothers,2008,https://www.imdb.com/title/tt0838283/?ref_=fn_al_tt_1,"Meridian Avenue & Mission Street, South Pasadena, California, USA",United States of America
456,Bright Star,2009,https://www.imdb.com/title/tt0810784/?ref_=fn_al_tt_1,"Elstree Studios, Borehamwood, Hertfordshire, England, UK",United Kingdom
457,Caché,2005,https://www.imdb.com/title/tt0387898/?ref_=fn_al_tt_1,"49 Rue Brillat-Savarin, Paris 13, Paris, France",France
458,Mr Turner,2014,https://www.imdb.com/title/tt2473794/?ref_=fn_al_tt_1,"Kingsand, Cornwall, England, UK",United Kingdom
459,Requiem for a Dream,2000,https://www.imdb.com/title/tt0180093/?ref_=fn_al_tt_1,"Coney Island, Brooklyn, New York City, New York, USA",United States of America
460,The Lord of the Rings: The Return of the King,2003,https://www.imdb.com/title/tt0167260/?ref_=fn_al_tt_1,"Hinuera Valley, Matamata, Waikato, New Zealand",New Zealand
461,Drive,2011,https://www.imdb.com/title/tt0780504/?ref_=fn_al_tt_1,"Big 6 Market - 550 South Rampart Boulevard, Los Angeles, California, USA",United States of America
462,Kill List,2011,https://www.imdb.com/title/tt1788391/?ref_=fn_al_tt_1,"Sheffield, South Yorkshire, England, UK",United Kingdom
463,Toy Story 3,2010,https://www.imdb.com/title/tt0435761/?ref_=fn_al_tt_1,"Pixar Animation Studios - 1200 Park Avenue, Emeryville, California, USA",United States of America
464,Kiss Kiss Bang Bang,2005,https://www.imdb.com/title/tt0373469/?ref_=fn_al_tt_1,"Monumental sculpture ""Double Ascension"" 1973 Herbert Bayer 505 South Flower St, Los Angeles, California USA",United States of America
465,Inside Llewyn Davis,2013,https://www.imdb.com/title/tt2042568/?ref_=fn_al_tt_1,"Medford, Minnesota, USA",United States of America
466,Memories of Murder,2003,https://www.imdb.com/title/tt0353969/?ref_=fn_al_tt_1,South Korea,South Korea
467,Son of Saul,2015,https://www.imdb.com/title/tt3808342/?ref_=fn_al_tt_1,"Mafilm, Budapest, Hungary",Hungary
468,Ida,2013,https://www.imdb.com/title/tt2718492/?ref_=fn_al_tt_1,"Lódz, Lódzkie, Poland",Poland
469,Dogville,2003,https://www.imdb.com/title/tt0276919/?ref_=fn_al_tt_1,"Trollhättan, Västra Götalands län, Sweden",Sweden
470,Grizzly Man,2005,https://www.imdb.com/title/tt0427312/?ref_=fn_al_tt_1,"Katmai National Park, Alaska, USA",United States of America
471,Distant,2002,https://www.imdb.com/title/tt0346094/?ref_=fn_al_tt_1,"Istanbul, Turkey",Turkey
472,Samson and Delilah,2009,ERROR,"Alice Springs, Northern Territory, Australia",Australia
473,Still Walking,2008,https://www.imdb.com/title/tt1087578/?ref_=fn_al_tt_1,"Yokosuka, Kanagawa, Japan",Japan
474,Million Dollar Baby,2004,https://www.imdb.com/title/tt0405159/?ref_=fn_al_tt_1,"Hollywood Athletic Club - 6525 W. Sunset Blvd., Hollywood, Los Angeles, California, USA",United States of America
475,The Man Without A Past,2002,https://www.imdb.com/title/tt0311519/?ref_=fn_al_tt_1,"Helsinki, Finland",Finland
476,Mysteries of Lisbon,2010,https://www.imdb.com/title/tt1236371/?ref_=fn_al_tt_1,"Óbidos, Leiria, Portugal",Portugal
477,The New World,2005,https://www.imdb.com/title/tt0402399/?ref_=fn_al_tt_1,"Chickahominy River, Virginia, USA",United States of America
478,Secret Things,2002,https://www.imdb.com/title/tt0287963/?ref_=fn_al_tt_1,"Paris, France",France
479,La Ciénaga,2001,https://www.imdb.com/title/tt0240419/?ref_=fn_al_tt_1,"Salta, Argentina",Argentina
480,Toni Erdmann,2016,https://www.imdb.com/title/tt4048272/?ref_=fn_al_tt_1,"Bucharest, Romania",Romania
481,In the Family,2011,https://www.imdb.com/title/tt0066626/?ref_=fn_al_tt_1,"Studio 41, CBS Television City - 7800 Beverly Boulevard, Fairfax, Los Angeles, California, USA",United States of America
482,Tabu,2012,https://www.imdb.com/title/tt2153963/?ref_=fn_al_tt_1,"Lisbon, Portugal",Portugal
483,Gerry,2002,https://www.imdb.com/title/tt0302674/?ref_=fn_al_tt_1,"Salta, Argentina",Argentina
484,The Turin Horse,2011,https://www.imdb.com/title/tt1316540/?ref_=fn_al_tt_1,Hungary,Hungary
485,The Return,2003,https://www.imdb.com/title/tt0167260/?ref_=fn_al_tt_1,"Hinuera Valley, Matamata, Waikato, New Zealand",New Zealand
486,The White Ribbon,2009,https://www.imdb.com/title/tt1149362/?ref_=fn_al_tt_1,"Leipzig, Saxony, Germany",Germany
487,Songs from the Second Floor,2000,https://www.imdb.com/title/tt0120263/?ref_=fn_al_tt_1,"Slite, Gotlands län, Sweden",Sweden
488,Journey to the West,2014,https://www.imdb.com/title/tt2557490/?ref_=fn_al_tt_1,"Monument Valley, Utah, USA",United States of America
489,The 3 Rooms of Melancholia,2004,https://www.imdb.com/title/tt0424272/?ref_=fn_al_tt_1,"Grozny, Chechnya, Russia",Russia
490,The Gleaners and I,2000,https://www.imdb.com/title/tt0247380/?ref_=fn_al_tt_1,France,France
492,Only Lovers Left Alive,2013,https://www.imdb.com/title/tt1714915/?ref_=fn_al_tt_1,"Hamburg, Germany",Germany
493,Somewhere,2010,https://www.imdb.com/title/tt1421051/?ref_=fn_al_tt_1,"Hotel Principe Di Savoia, Milan, Lombardia, Italy",Italy
494,Inglourious Basterds,2009,https://www.imdb.com/title/tt0361748/?ref_=fn_al_tt_1,"Paris, France",France
495,The Artist,2011,https://www.imdb.com/title/tt1655442/?ref_=fn_al_tt_1,"Bradbury Building - 304 S. Broadway, Downtown, Los Angeles, California, USA",United States of America
496,Phoenix,2014,https://www.imdb.com/title/tt2764784/?ref_=fn_al_tt_1,"Legnica, Dolnoslaskie, Poland",Poland
497,Fantastic Mr Fox,2009,https://www.imdb.com/title/tt0432283/?ref_=fn_al_tt_1,"Three Mills Studios, Three Mill Lane, Bow, London, England, UK",United Kingdom
498,Neighboring Sounds,2012,https://www.imdb.com/title/tt2190367/?ref_=fn_al_tt_1,"Recife, Pernambuco, Brazil",Brazil
499,The Master,2012,https://www.imdb.com/title/tt1560747/?ref_=fn_al_tt_1,"Mare Island, Vallejo, California, USA",United States of America
500,The Band’s Visit,2007,https://www.imdb.com/title/tt1032856/?ref_=fn_al_tt_1,"Yeruham, Israel",Israel
501,Time Out,2001,https://www.imdb.com/title/tt0279065/?ref_=fn_al_tt_1,France,France
502,Ratatouille,2007,https://www.imdb.com/title/tt0382932/?ref_=fn_al_tt_1,"Pixar Animation Studios - 1200 Park Avenue, Emeryville, California, USA",United States of America
503,Burning Bush,2013,https://www.imdb.com/title/tt2280344/?ref_=fn_al_tt_1,"Prague, Czech Republic",Czechia
504,Leviathan,2014,https://www.imdb.com/title/tt2802154/?ref_=fn_al_tt_1,"Kirovsk, Murmansk Oblast, Russia",Russia
505,Barbara,2012,https://www.imdb.com/title/tt2178941/?ref_=fn_al_tt_1,"Ahrenshoop, Mecklenburg-Western Pomerania, Germany",Germany
506,The Grand Budapest Hotel,2014,https://www.imdb.com/title/tt2278388/?ref_=fn_al_tt_1,"Görlitz, Saxony, Germany",Germany
507,Inception,2010,https://www.imdb.com/title/tt1375666/?ref_=fn_al_tt_1,"Fortress Mountain, Kananaskis Country, Alberta, Canada",Canada
508,Uncle Boonmee Who Can Recall His Past Lives,2010,https://www.imdb.com/title/tt1588895/?ref_=fn_al_tt_1,Thailand,Thailand
509,A Tale of Two Sisters,2003,https://www.imdb.com/title/tt0365376/?ref_=fn_al_tt_1,"Yusin-ri, Yureo-myeon, Boseong-gun, Jeollanamdo, South Korea",South Korea
510,Goodbye to Language,2014,https://www.imdb.com/title/tt2400275/?ref_=fn_al_tt_1,Switzerland,Switzerland
511,Russian Ark,2002,https://www.imdb.com/title/tt0318034/?ref_=fn_al_tt_1,"Winter Palace, St. Petersburg, Russia",Russia
512,Holy Motors,2012,https://www.imdb.com/title/tt2076220/?ref_=fn_al_tt_1,"Grand Magasin de la Samaritaine, 17-19 rue de la Monnaie, Paris 1, Paris, France",France
514,About Elly,2009,https://www.imdb.com/title/tt1360860/?ref_=fn_al_tt_1,"Tonekabon, Mazandaran, Iran",Iran
515,Moonrise Kingdom,2012,https://www.imdb.com/title/tt1748122/?ref_=fn_al_tt_1,"Fort Wetherill State Park, Jamestown, Rhode Island, USA",United States of America
516,The Headless Woman,2008,https://www.imdb.com/title/tt1221141/?ref_=fn_al_tt_1,"Salta, Argentina",Argentina
517,Zodiac,2007,https://www.imdb.com/title/tt0443706/?ref_=fn_al_tt_1,"Vallejo, California, USA",United States of America
518,Margaret,2011,https://www.imdb.com/title/tt0466893/?ref_=fn_al_tt_1,"New York City, New York, USA",United States of America
519,Meek's Cutoff,2010,https://www.imdb.com/title/tt1518812/?ref_=fn_al_tt_1,"Burns, Oregon, USA",United States of America
520,25th Hour,2002,https://www.imdb.com/title/tt0307901/?ref_=fn_al_tt_1,"West 4th Street Basketball Court, Greenwich Village, Manhattan, New York City, New York, USA",United States of America
521,Certified Copy,2010,https://www.imdb.com/title/tt1020773/?ref_=fn_al_tt_1,"Lucignano, Italy",Italy
522,The Departed,2006,https://www.imdb.com/title/tt0407887/?ref_=fn_al_tt_1,"SUNY Maritime College, Bronx, New York City, New York, USA",United States of America
523,12 Years a Slave,2013,https://www.imdb.com/title/tt2024544/?ref_=fn_al_tt_1,"Madame John's Legacy, the French Quarter, New Orleans, Louisiana, USA",United States of America
524,Memento,2000,https://www.imdb.com/title/tt0209144/?ref_=fn_al_tt_1,"Burbank, California, USA",United States of America
525,Manchester by the Sea,2016,https://www.imdb.com/title/tt4034228/?ref_=fn_al_tt_1,"Manchester-by-the-Sea, Massachusetts, USA",United States of America
526,Captain America: Winter Soldier,2014,https://www.imdb.com/title/tt1843866/?ref_=fn_al_tt_1,"West 3rd and Lakeside Avenue, Cleveland, Ohio, USA",United States of America
527,Star Wars: Episode VII – The Force Awakens,2015,https://www.imdb.com/title/tt2488496/?ref_=fn_al_tt_1,"Skellig Michael, County Kerry, Ireland",Ireland
528,Love Actually,2003,https://www.imdb.com/title/tt0314331/?ref_=fn_al_tt_1,"Marseille, Bouches-du-Rhône, France",France
529,Brick,2005,https://www.imdb.com/title/tt0393109/?ref_=fn_al_tt_1,"San Clemente, California, USA",United States of America
530,Chicago,2002,https://www.imdb.com/title/tt0299658/?ref_=fn_al_tt_1,"Ontario Legislature Building, Queen's Park, Toronto, Ontario, Canada",Canada
531,Tropic Thunder,2008,https://www.imdb.com/title/tt0942385/?ref_=fn_al_tt_1,"Kaua'i, Hawaii, USA",United States of America
532,High Fidelity,2000,https://www.imdb.com/title/tt0146882/?ref_=fn_al_tt_1,"Double Door - 1572 N. Milwaukee Avenue, West Town, Chicago, Illinois, USA",United States of America
533,Silver Linings Playbook,2012,https://www.imdb.com/title/tt1045658/?ref_=fn_al_tt_1,"238 S. Madison Avenue, Upper Darby, Pennsylvania, USA",United States of America
534,The Dark Knight,2008,https://www.imdb.com/title/tt0468569/?ref_=fn_al_tt_1,"Chicago, Illinois, USA",United States of America
535,Four Lions,2010,https://www.imdb.com/title/tt1341167/?ref_=fn_al_tt_1,"Almería, Andalucía, Spain",Spain
536,Amores Perros,2000,https://www.imdb.com/title/tt0245712/?ref_=fn_al_tt_1,"Colonia Condesa, Mexico City, Distrito Federal, Mexico",Mexico
537,Gangs of Wasseypur,2012,https://www.imdb.com/title/tt1954470/?ref_=fn_al_tt_1,"Varanasi, Uttar Pradesh, India",India
538,District 9,2009,https://www.imdb.com/title/tt1136608/?ref_=fn_al_tt_1,"Johannesburg, South Africa",South Africa
539,Lagaan: Once Upon a Time in India,2001,https://www.imdb.com/title/tt0169102/?ref_=fn_al_tt_1,"Bhuj, Gujarat, India",India
540,This Is England,2006,https://www.imdb.com/title/tt0480025/?ref_=fn_al_tt_1,"The Jolly Sailor Inn, Hagnaby Lock, Stickney, Boston, Lincolnshire, England, UK",United Kingdom
541,The Assassin,2015,https://www.imdb.com/title/tt3508840/?ref_=fn_al_tt_1,"Kyoto, Japan",Japan
542,Moulin Rouge!,2001,https://www.imdb.com/title/tt0203009/?ref_=fn_al_tt_1,"Madrid, Spain",Spain
544,Bowling for Columbine,2002,https://www.imdb.com/title/tt0310793/?ref_=fn_al_tt_1,"Windsor, Ontario, Canada",Canada
545,Shame,2011,https://www.imdb.com/title/tt1723811/?ref_=fn_al_tt_1,"28th Street Subway Station, Manhattan, New York City, New York, USA",United States of America
546,Pan's Labyrinth,2006,https://www.imdb.com/title/tt0457430/?ref_=fn_al_tt_1,"El Espinar, Segovia, Castilla y León, Spain",Spain
547,The Skin I Live In,2011,https://www.imdb.com/title/tt1189073/?ref_=fn_al_tt_1,"Ponte Ulla, Vedra, A Coruña, Galicia, Spain",Spain
548,Boyhood,2014,https://www.imdb.com/title/tt1065073/?ref_=fn_al_tt_1,"Austin, Texas, USA",United States of America
549,The Hurt Locker,2008,https://www.imdb.com/title/tt0887912/?ref_=fn_al_tt_1,"Amman, Jordan",Jordan
550,"4 Months, 3 Weeks &amp; 2 Days",2007,https://www.imdb.com/title/tt1032846/?ref_=fn_al_tt_1,"Ploiesti, Romania",Romania
551,The Royal Tenenbaums,2001,https://www.imdb.com/title/tt0265666/?ref_=fn_al_tt_1,"144th Street & Convent Avenue, Harlem, Manhattan, New York City, New York, USA",United States of America
552,No Country For Old Men,2007,https://www.imdb.com/title/tt0477348/?ref_=fn_al_tt_1,"Desert Sands Motor Hotel - 5000 Central Avenue Southeast, Albuquerque, New Mexico, USA",United States of America
553,There Will Be Blood,2007,https://www.imdb.com/title/tt0469494/?ref_=fn_al_tt_1,"Lompoc, California, USA",United States of America
554,WALL-E,2008,https://www.imdb.com/title/tt0910970/?ref_=fn_al_tt_1,"Walt Disney Animation Studios - 2100 Riverside Drive, Burbank, California, USA",United States of America
555,Spotlight,2015,https://www.imdb.com/title/tt1895587/?ref_=fn_al_tt_1,"333 Bay Street, Bay-Adelaide Centre, Toronto, Ontario, Canada",Canada
556,Once,2007,https://www.imdb.com/title/tt0907657/?ref_=fn_al_tt_1,"Mountjoy Square East, Dublin, Ireland",Ireland
557,The Social Network,2010,https://www.imdb.com/title/tt1285016/?ref_=fn_al_tt_1,"University of Southern California, Los Angeles, California, USA",United States of America
558,The Act of Killing,2012,https://www.imdb.com/title/tt2375605/?ref_=fn_al_tt_1,"Medan, North Sumatra, Indonesia",Indonesia
559,Mad Max: Fury Road,2015,https://www.imdb.com/title/tt1392190/?ref_=fn_al_tt_1,"Namib Desert, Namibia",Namibia
560,Selma,2014,https://www.imdb.com/title/tt1020072/?ref_=fn_al_tt_1,"Selma, Alabama, USA",United States of America
561,Like Someone In Love,2012,https://www.imdb.com/title/tt1843287/?ref_=fn_al_tt_1,"Shizuoka, Japan",Japan
562,AI: Artificial Intelligence,2001,https://www.imdb.com/title/tt0212720/?ref_=fn_al_tt_1,"Oxbow Park - 3010 SE Oxbow Parkway, Gresham, Oregon, USA",United States of America
564,The Deep Blue Sea,2011,https://www.imdb.com/title/tt1700844/?ref_=fn_al_tt_1,"Ye Old Mitre Pub - Ely Place, London, England, UK",United Kingdom
565,Film socialisme,2010,https://www.imdb.com/title/tt1438535/?ref_=fn_al_tt_1,Greece,Greece
567,Be Kind Rewind,2008,https://www.imdb.com/title/tt0799934/?ref_=fn_al_tt_1,"Hackensack, New Jersey, USA",United States of America
569,I Don't Want to Sleep Alone,2006,https://www.imdb.com/title/tt0855824/?ref_=fn_al_tt_1,"Kuala Lumpur, Malaysia",Malaysia
570,Kings and Queen,2004,https://www.imdb.com/title/tt0344273/?ref_=fn_al_tt_1,"Grenoble, Isère, France",France
571,Yi Yi: A One and a Two,2000,https://www.imdb.com/title/tt0244316/?ref_=fn_al_tt_1,"Taipei City, Taiwan",Taiwan
572,Oldboy,2003,https://www.imdb.com/title/tt0364569/?ref_=fn_al_tt_1,"Busan, South Korea",South Korea
573,Antichrist,2009,https://www.imdb.com/title/tt0870984/?ref_=fn_al_tt_1,"Wuppertal, North Rhine-Westphalia, Germany",Germany
574,Children of Men,2006,https://www.imdb.com/title/tt0206634/?ref_=fn_al_tt_1,"Montevideo, Uruguay",Uruguay
575,Lost in Translation,2003,https://www.imdb.com/title/tt0335266/?ref_=fn_al_tt_1,"Park Hyatt Tokyo, Tokyo, Japan",Japan
576,Femme Fatale,2002,https://www.imdb.com/title/tt0280665/?ref_=fn_al_tt_1,"11 Rue d'Eupatoria, Paris 20, Paris, France",France
577,Casino Royale,2006,https://www.imdb.com/title/tt0381061/?ref_=fn_al_tt_1,"Villa La Gaeta, Lake Como, Lombardia, Italy",Italy
578,Blue Is the Warmest Color,2013,https://www.imdb.com/title/tt2278871/?ref_=fn_al_tt_1,"La Piscine Museum, Roubaix, France",France
579,In the Mood for Love,2000,https://www.imdb.com/title/tt0118694/?ref_=fn_al_tt_1,Thailand,Thailand
580,The Tree of Life,2011,https://www.imdb.com/title/tt0478304/?ref_=fn_al_tt_1,"Houston, Texas, USA",United States of America
584,Brokeback Mountain,2005,https://www.imdb.com/title/tt0388795/?ref_=fn_al_tt_1,"Grand Teton National Park, Wyoming, USA",United States of America
585,Talk to Her,2002,https://www.imdb.com/title/tt0287467/?ref_=fn_al_tt_1,"Puente Romano, Córdoba, Córdoba, Andalucía, Spain",Spain
586,Mulholland Drive,2001,https://www.imdb.com/title/tt0166924/?ref_=fn_al_tt_1,"Caesar's Restaurant - 1016 W. El Segundo Boulevard, Gardena, California, USA",United States of America
587,Eternal Sunshine of the Spotless Mind,2004,https://www.imdb.com/title/tt0338013/?ref_=fn_al_tt_1,"Montauk, New York, USA",United States of America
588,Amour,2012,https://www.imdb.com/title/tt1602620/?ref_=fn_al_tt_1,"Studio d'Epinay, Epinay-sur-Seine, Seine-Saint-Denis, France",France
589,"Spring, Summer, Fall, Winter…and Spring",2003,https://www.imdb.com/title/tt0374546/?ref_=fn_al_tt_1,"Jusanji Pond, Cheongsong County, North Gyeongsang Province, South Korea",South Korea
590,The Hours,2002,https://www.imdb.com/title/tt0274558/?ref_=fn_al_tt_1,"Biltmore Hotel - 1200 Anastasia Avenue, Coral Gables, Florida, USA",United States of America
592,A Separation,2011,https://www.imdb.com/title/tt1832382/?ref_=fn_al_tt_1,"Tehran, Iran",Iran
593,"Lust, Caution",2007,https://www.imdb.com/title/tt0808357/?ref_=fn_al_tt_1,"Ipoh, Perak, Malaysia",Malaysia
594,The Lives of Others,2006,https://www.imdb.com/title/tt0405094/?ref_=fn_al_tt_1,"Gedenkstätte Hohenschönhausen, Hohenschönhausen, Berlin, Germany",Germany
595,Still Life,2006,https://www.imdb.com/title/tt0859765/?ref_=fn_al_tt_1,"Fengjie, China",China
596,Birdman,2014,https://www.imdb.com/title/tt2562232/?ref_=fn_al_tt_1,"Rum House, Hotel Edison, 228W, 47th Street, Manhattan, New York City, New York, USA",United States of America
597,Infernal Affairs,2002,https://www.imdb.com/title/tt0338564/?ref_=fn_al_tt_1,"Ten Thousand Buddhas Monastery, Sha Tin, New Territories, Hong Kong, China",China
598,City of God,2002,https://www.imdb.com/title/tt0317248/?ref_=fn_al_tt_1,"Rio de Janeiro, Rio de Janeiro, Brazil",Brazil
